,InvoiceYearMonth,TotalUserCount,RetainedUserCount,RetentionRate
0,201102,798,299,0.37468671679197996
1,201103,1020,345,0.3382352941176471
2,201104,899,346,0.38487208008898777
3,201105,1079,399,0.3697868396663577
4,201106,1051,464,0.44148430066603234
5,201107,993,415,0.4179254783484391
6,201108,980,433,0.4418367346938776
7,201109,1302,465,0.35714285714285715
8,201110,1425,552,0.3873684210526316
9,201111,1711,690,0.4032729398012858
10,201112,686,443,0.6457725947521866
